_class,_id,createdAt,createdBy,description,followers,image,name
fr.univartois.butinfo.sae5.the_social_media.entity.Pages,eb4c6d24b339746fc67599e953266fa4,2024-11-05 02:19:10.111000,"{'_id': Binary(b""wA\xb1\xc1\xc4\xd1\x02'\xc9\xdf\xb6\x10\xf5(\x05\xbf"", 3), 'avatar': 'http://lorempixel.com/g/320/200/business/', 'bio': 'Qui aut natus voluptatum et sed officia.', 'interests': ['technology', 'travel'], 'username': 'arnoldo.von', 'first_name': 'Carry', 'last_name': 'Bartell', 'role': 'User', 'birthdate': datetime.datetime(1965, 3, 7, 6, 35, 40, 360000), 'friends': [], 'groups': [], 'pages': [], 'mail': 'kent.jerde@gmail.com', 'password': 'enpz5xqign', 'createdAt': datetime.datetime(2024, 2, 16, 20, 30, 14, 225000)}",Quae excepturi esse molestiae.,[],http://lorempixel.com/g/1600/1200/technics/,"Stehr, McDermott and Bechtelar"
fr.univartois.butinfo.sae5.the_social_media.entity.Pages,0b454885d16b1e9f587250b1ea37aa8c,2024-10-31 12:44:32.141000,"{'_id': Binary(b'\xeaC17\xf9\xd0\x1d\xbb\xeczB\x93\xd8\x07\x10\xaa', 3), 'avatar': 'http://lorempixel.com/320/200/city/', 'bio': 'Tenetur qui rerum omnis aut totam.', 'interests': ['technology', 'travel'], 'username': 'rene.gleichner', 'first_name': 'Jason', 'last_name': 'Schinner', 'role': 'User', 'birthdate': datetime.datetime(2005, 11, 21, 15, 59, 52, 992000), 'friends': [], 'groups': [], 'pages': [], 'mail': 'donovan.kassulke@gmail.com', 'password': '73r0aluhbcqkpww', 'createdAt': datetime.datetime(2024, 4, 3, 7, 22, 53, 578000)}",Hic rem dolorem magni vero quis occaecati.,[],http://lorempixel.com/640/480/technics/,Balistreri-Halvorson
fr.univartois.butinfo.sae5.the_social_media.entity.Pages,cd48858725f9f7fa713ee57c895da785,2024-10-23 00:27:29.377000,"{'_id': Binary(b'\xffD`\xb4\xfe3f\x1d\x1aB\x1b4\xa0\x02\x1a\x95', 3), 'avatar': 'http://lorempixel.com/640/200/nature/', 'bio': 'Consequatur id sed numquam hic.', 'interests': ['technology', 'travel'], 'username': 'lemuel.conn', 'first_name': 'Chara', 'last_name': 'Kunde', 'role': 'User', 'birthdate': datetime.datetime(1996, 11, 16, 21, 34, 9, 502000), 'friends': [], 'groups': [], 'pages': [], 'mail': 'terrell.bahringer@gmail.com', 'password': 'uitkatmezh', 'createdAt': datetime.datetime(2024, 3, 30, 3, 43, 22, 917000)}",Eveniet perferendis pariatur mollitia est a.,[],http://lorempixel.com/1024/768/transport/,"Marquardt, Bashirian and Rice"
fr.univartois.butinfo.sae5.the_social_media.entity.Pages,07403b3b6a2e9a7720a46c62ac5e0280,2024-11-04 03:10:53.048000,"{'_id': Binary(b""wA\xb1\xc1\xc4\xd1\x02'\xc9\xdf\xb6\x10\xf5(\x05\xbf"", 3), 'avatar': 'http://lorempixel.com/g/320/200/business/', 'bio': 'Qui aut natus voluptatum et sed officia.', 'interests': ['technology', 'travel'], 'username': 'arnoldo.von', 'first_name': 'Carry', 'last_name': 'Bartell', 'role': 'User', 'birthdate': datetime.datetime(1965, 3, 7, 6, 35, 40, 360000), 'friends': [], 'groups': [], 'pages': [], 'mail': 'kent.jerde@gmail.com', 'password': 'enpz5xqign', 'createdAt': datetime.datetime(2024, 2, 16, 20, 30, 14, 225000)}",Sint cumque at.,[],http://lorempixel.com/640/350/people/,"Rosenbaum, O'Keefe and Fritsch"
fr.univartois.butinfo.sae5.the_social_media.entity.Pages,fd41cdc99428423a16a9ac9c039cf897,2024-10-15 15:28:32.900000,"{'_id': Binary(b'\xfdGg3\x00L\xc0D\xea\n\x19\\9\xe7\x93\xa7', 3), 'avatar': 'http://lorempixel.com/g/1920/1200/fashion/', 'bio': 'Deleniti mollitia sunt sint at.', 'interests': ['technology', 'travel'], 'username': 'kelley.fay', 'first_name': 'Lyman', 'last_name': 'Grimes', 'role': 'User', 'birthdate': datetime.datetime(2001, 6, 5, 9, 37, 53, 670000), 'friends': [], 'groups': [], 'pages': [], 'mail': 'esther.halvorson@gmail.com', 'password': 'r3usl8ci9', 'createdAt': datetime.datetime(2024, 1, 16, 5, 51, 8, 119000)}",Quo in sed.,[],http://lorempixel.com/g/1680/1050/sports/,Rutherford-Luettgen
fr.univartois.butinfo.sae5.the_social_media.entity.Pages,0b4a4c5084ae8146b5ef37088df03e97,2024-11-02 19:14:21.034000,"{'_id': Binary(b""wA\xb1\xc1\xc4\xd1\x02'\xc9\xdf\xb6\x10\xf5(\x05\xbf"", 3), 'avatar': 'http://lorempixel.com/g/320/200/business/', 'bio': 'Qui aut natus voluptatum et sed officia.', 'interests': ['technology', 'travel'], 'username': 'arnoldo.von', 'first_name': 'Carry', 'last_name': 'Bartell', 'role': 'User', 'birthdate': datetime.datetime(1965, 3, 7, 6, 35, 40, 360000), 'friends': [], 'groups': [], 'pages': [], 'mail': 'kent.jerde@gmail.com', 'password': 'enpz5xqign', 'createdAt': datetime.datetime(2024, 2, 16, 20, 30, 14, 225000)}",Officiis eaque qui eum porro.,[],http://lorempixel.com/320/200/people/,Terry LLC
fr.univartois.butinfo.sae5.the_social_media.entity.Pages,3c48fa29ee8e472957025bfa56b94fb2,2024-11-02 11:50:52.790000,"{'_id': Binary(b'\xffD`\xb4\xfe3f\x1d\x1aB\x1b4\xa0\x02\x1a\x95', 3), 'avatar': 'http://lorempixel.com/640/200/nature/', 'bio': 'Consequatur id sed numquam hic.', 'interests': ['technology', 'travel'], 'username': 'lemuel.conn', 'first_name': 'Chara', 'last_name': 'Kunde', 'role': 'User', 'birthdate': datetime.datetime(1996, 11, 16, 21, 34, 9, 502000), 'friends': [], 'groups': [], 'pages': [], 'mail': 'terrell.bahringer@gmail.com', 'password': 'uitkatmezh', 'createdAt': datetime.datetime(2024, 3, 30, 3, 43, 22, 917000)}",Iure qui fuga nesciunt laudantium.,[],http://lorempixel.com/g/320/200/cats/,Berge-Lehner
fr.univartois.butinfo.sae5.the_social_media.entity.Pages,f44d5160f7681999e02cdeac6dab74aa,2024-11-02 01:04:04.695000,"{'_id': Binary(b'\xabB\xa3-5l\xcd=\xff\x84\xb1\xda\xbd;\xa9\xa6', 3), 'avatar': 'http://lorempixel.com/g/1366/768/abstract/', 'bio': 'Dolor qui non incidunt velit sit.', 'interests': ['technology', 'travel'], 'username': 'elnora.kihn', 'first_name': 'Isaias', 'last_name': 'Runolfsson', 'role': 'User', 'birthdate': datetime.datetime(1991, 9, 27, 21, 44, 19, 143000), 'friends': [], 'groups': [], 'pages': [], 'mail': 'vernon.upton@yahoo.com', 'password': 'i0f5wil1', 'createdAt': datetime.datetime(2024, 3, 12, 3, 31, 55, 146000)}",Amet eveniet voluptas illum consectetur quos itaque doloremque.,[],http://lorempixel.com/1280/1024/technics/,Jaskolski-Parisian
fr.univartois.butinfo.sae5.the_social_media.entity.Pages,014ab8fafea66e6617ce5bea35750489,2024-10-25 14:36:59.458000,"{'_id': Binary(b'\x8cD\xe6\x1a\xd7\x9a\xd5~_\xf0DRV\x1e\xb4\xb8', 3), 'avatar': 'http://lorempixel.com/640/480/abstract/', 'bio': 'Quasi est et optio.', 'interests': ['technology', 'travel'], 'username': 'dee.gerhold', 'first_name': 'Cruz', 'last_name': 'Stracke', 'role': 'User', 'birthdate': datetime.datetime(2003, 2, 21, 10, 38, 12, 159000), 'friends': [], 'requests_friends': [], 'groups': [], 'pages': [], 'mail': 'eugenia.prosacco@hotmail.com', 'password': 'rct5aako9ci', 'createdAt': datetime.datetime(2024, 11, 3, 22, 3, 10, 687000)}",Labore est neque.,[],http://lorempixel.com/g/1024/768/nature/,Schimmel Inc
fr.univartois.butinfo.sae5.the_social_media.entity.Pages,544d285936f21cc2de1eedd441f8c1bc,2024-10-30 21:08:49.587000,"{'_id': Binary(b'\x1fK\xaa\xcaj""\xa8\xe4>\x03\x95\xe0\xf8\xa2\xe4\x83', 3), 'avatar': 'http://lorempixel.com/g/720/348/animals/', 'bio': 'Repellendus nisi eos deleniti sunt similique architecto dolor.', 'interests': ['technology', 'travel'], 'username': 'winston.hahn', 'first_name': 'Zonia', 'last_name': 'Dare', 'role': 'User', 'birthdate': datetime.datetime(1984, 11, 19, 22, 10, 39, 859000), 'friends': [], 'requests_friends': [], 'groups': [], 'pages': [], 'mail': 'moon.buckridge@yahoo.com', 'password': '6r9duhed6v7', 'createdAt': datetime.datetime(2024, 1, 9, 11, 47, 59, 700000)}",Ipsum qui pariatur debitis est exercitationem.,[],http://lorempixel.com/g/1366/768/transport/,"Smith, Koepp and Kunze"
fr.univartois.butinfo.sae5.the_social_media.entity.Pages,46489cd4764d41d8417ff6d14d1efb8f,2024-10-31 19:56:42.110000,"{'_id': Binary(b'\x8cD\xe6\x1a\xd7\x9a\xd5~_\xf0DRV\x1e\xb4\xb8', 3), 'avatar': 'http://lorempixel.com/640/480/abstract/', 'bio': 'Quasi est et optio.', 'interests': ['technology', 'travel'], 'username': 'dee.gerhold', 'first_name': 'Cruz', 'last_name': 'Stracke', 'role': 'User', 'birthdate': datetime.datetime(2003, 2, 21, 10, 38, 12, 159000), 'friends': [], 'requests_friends': [], 'groups': [], 'pages': [], 'mail': 'eugenia.prosacco@hotmail.com', 'password': 'rct5aako9ci', 'createdAt': datetime.datetime(2024, 11, 3, 22, 3, 10, 687000)}",Dolor harum provident.,[],http://lorempixel.com/640/350/animals/,Hyatt LLC
fr.univartois.butinfo.sae5.the_social_media.entity.Pages,474af25f23de2ffd396ec36d7c247a97,2024-10-24 00:15:38.503000,"{'_id': Binary(b'\x8cD\xe6\x1a\xd7\x9a\xd5~_\xf0DRV\x1e\xb4\xb8', 3), 'avatar': 'http://lorempixel.com/640/480/abstract/', 'bio': 'Quasi est et optio.', 'interests': ['technology', 'travel'], 'username': 'dee.gerhold', 'first_name': 'Cruz', 'last_name': 'Stracke', 'role': 'User', 'birthdate': datetime.datetime(2003, 2, 21, 10, 38, 12, 159000), 'friends': [], 'requests_friends': [], 'groups': [], 'pages': [], 'mail': 'eugenia.prosacco@hotmail.com', 'password': 'rct5aako9ci', 'createdAt': datetime.datetime(2024, 11, 3, 22, 3, 10, 687000)}",Voluptatem magnam optio dolor doloremque necessitatibus.,[],http://lorempixel.com/g/720/348/nightlife/,Welch and Sons
fr.univartois.butinfo.sae5.the_social_media.entity.Pages,524b35a0cfc02682801ceccbccd548af,2024-10-12 22:19:41.267000,"{'_id': Binary(b'\x1fK\xaa\xcaj""\xa8\xe4>\x03\x95\xe0\xf8\xa2\xe4\x83', 3), 'avatar': 'http://lorempixel.com/g/720/348/animals/', 'bio': 'Repellendus nisi eos deleniti sunt similique architecto dolor.', 'interests': ['technology', 'travel'], 'username': 'winston.hahn', 'first_name': 'Zonia', 'last_name': 'Dare', 'role': 'User', 'birthdate': datetime.datetime(1984, 11, 19, 22, 10, 39, 859000), 'friends': [], 'requests_friends': [], 'groups': [], 'pages': [], 'mail': 'moon.buckridge@yahoo.com', 'password': '6r9duhed6v7', 'createdAt': datetime.datetime(2024, 1, 9, 11, 47, 59, 700000)}",Ex tempora omnis.,[],http://lorempixel.com/1280/1024/sports/,Lynch-Leffler
fr.univartois.butinfo.sae5.the_social_media.entity.Pages,b242106a3c8f37a0c22b756797e03cad,2024-10-20 13:04:53.850000,"{'_id': Binary(b'\x1fK\xaa\xcaj""\xa8\xe4>\x03\x95\xe0\xf8\xa2\xe4\x83', 3), 'avatar': 'http://lorempixel.com/g/720/348/animals/', 'bio': 'Repellendus nisi eos deleniti sunt similique architecto dolor.', 'interests': ['technology', 'travel'], 'username': 'winston.hahn', 'first_name': 'Zonia', 'last_name': 'Dare', 'role': 'User', 'birthdate': datetime.datetime(1984, 11, 19, 22, 10, 39, 859000), 'friends': [], 'requests_friends': [], 'groups': [], 'pages': [], 'mail': 'moon.buckridge@yahoo.com', 'password': '6r9duhed6v7', 'createdAt': datetime.datetime(2024, 1, 9, 11, 47, 59, 700000)}",Voluptatem beatae corrupti perspiciatis nulla.,[],http://lorempixel.com/1680/1050/sports/,Beier-Williamson
fr.univartois.butinfo.sae5.the_social_media.entity.Pages,194292263441b9dd00500a623718d58a,2024-10-12 02:48:17.348000,"{'_id': Binary(b'\x1fK\xaa\xcaj""\xa8\xe4>\x03\x95\xe0\xf8\xa2\xe4\x83', 3), 'avatar': 'http://lorempixel.com/g/720/348/animals/', 'bio': 'Repellendus nisi eos deleniti sunt similique architecto dolor.', 'interests': ['technology', 'travel'], 'username': 'winston.hahn', 'first_name': 'Zonia', 'last_name': 'Dare', 'role': 'User', 'birthdate': datetime.datetime(1984, 11, 19, 22, 10, 39, 859000), 'friends': [], 'requests_friends': [], 'groups': [], 'pages': [], 'mail': 'moon.buckridge@yahoo.com', 'password': '6r9duhed6v7', 'createdAt': datetime.datetime(2024, 1, 9, 11, 47, 59, 700000)}",Voluptatum qui et ex saepe iure quisquam.,[],http://lorempixel.com/g/1600/1200/sports/,Glover-Cormier
fr.univartois.butinfo.sae5.the_social_media.entity.Pages,2f417f07c38c914a471ad59830266f92,2024-10-17 16:16:35.467000,"{'_id': Binary(b'\x1fK\xaa\xcaj""\xa8\xe4>\x03\x95\xe0\xf8\xa2\xe4\x83', 3), 'avatar': 'http://lorempixel.com/g/720/348/animals/', 'bio': 'Repellendus nisi eos deleniti sunt similique architecto dolor.', 'interests': ['technology', 'travel'], 'username': 'winston.hahn', 'first_name': 'Zonia', 'last_name': 'Dare', 'role': 'User', 'birthdate': datetime.datetime(1984, 11, 19, 22, 10, 39, 859000), 'friends': [], 'requests_friends': [], 'groups': [], 'pages': [], 'mail': 'moon.buckridge@yahoo.com', 'password': '6r9duhed6v7', 'createdAt': datetime.datetime(2024, 1, 9, 11, 47, 59, 700000)}",Facilis eaque voluptas provident.,[],http://lorempixel.com/640/350/people/,"Ferry, Klocko and Tremblay"
fr.univartois.butinfo.sae5.the_social_media.entity.Pages,1e4c06076d618c764796f5525909cfaf,2024-10-27 17:55:48.125000,"{'_id': Binary(b'\xb3E\xf5u\xa1\xe6\xfd\x8fp\x92b\xa8\x13o\xcb\x87', 3), 'avatar': 'http://lorempixel.com/g/720/348/nightlife/', 'bio': 'Placeat recusandae eos veniam et.', 'interests': ['technology', 'travel'], 'username': 'patrick.braun', 'first_name': 'Susannah', 'last_name': 'Howe', 'role': 'User', 'birthdate': datetime.datetime(1992, 9, 10, 18, 2, 6, 386000), 'friends': [], 'requests_friends': [], 'groups': [], 'pages': [], 'mail': 'keven.ritchie@hotmail.com', 'password': '0cijk8152', 'createdAt': datetime.datetime(2024, 4, 26, 14, 58, 29, 41000)}",Nobis quam dolor laboriosam fuga officiis.,[],http://lorempixel.com/g/1280/1024/city/,Krajcik LLC
fr.univartois.butinfo.sae5.the_social_media.entity.Pages,6a4e0632b15d298bdb4b979feda1818b,2024-11-06 03:11:33.640000,"{'_id': Binary(b'\xb3E\xf5u\xa1\xe6\xfd\x8fp\x92b\xa8\x13o\xcb\x87', 3), 'avatar': 'http://lorempixel.com/g/720/348/nightlife/', 'bio': 'Placeat recusandae eos veniam et.', 'interests': ['technology', 'travel'], 'username': 'patrick.braun', 'first_name': 'Susannah', 'last_name': 'Howe', 'role': 'User', 'birthdate': datetime.datetime(1992, 9, 10, 18, 2, 6, 386000), 'friends': [], 'requests_friends': [], 'groups': [], 'pages': [], 'mail': 'keven.ritchie@hotmail.com', 'password': '0cijk8152', 'createdAt': datetime.datetime(2024, 4, 26, 14, 58, 29, 41000)}",Est sed facere sint facere.,[],http://lorempixel.com/1024/768/cats/,Turner-Gislason
fr.univartois.butinfo.sae5.the_social_media.entity.Pages,064f255fa4ef44736582379bf7419ba8,2024-10-26 05:01:40.723000,"{'_id': Binary(b'\xb3E\xf5u\xa1\xe6\xfd\x8fp\x92b\xa8\x13o\xcb\x87', 3), 'avatar': 'http://lorempixel.com/g/720/348/nightlife/', 'bio': 'Placeat recusandae eos veniam et.', 'interests': ['technology', 'travel'], 'username': 'patrick.braun', 'first_name': 'Susannah', 'last_name': 'Howe', 'role': 'User', 'birthdate': datetime.datetime(1992, 9, 10, 18, 2, 6, 386000), 'friends': [], 'requests_friends': [], 'groups': [], 'pages': [], 'mail': 'keven.ritchie@hotmail.com', 'password': '0cijk8152', 'createdAt': datetime.datetime(2024, 4, 26, 14, 58, 29, 41000)}",Saepe blanditiis unde consequuntur autem velit qui.,[],http://lorempixel.com/g/1600/1200/fashion/,Funk-Grant
fr.univartois.butinfo.sae5.the_social_media.entity.Pages,114ca8c0bb62dfaddc11943e16bf7c82,2024-10-13 17:29:31.397000,"{'_id': Binary(b'\xb3E\xf5u\xa1\xe6\xfd\x8fp\x92b\xa8\x13o\xcb\x87', 3), 'avatar': 'http://lorempixel.com/g/720/348/nightlife/', 'bio': 'Placeat recusandae eos veniam et.', 'interests': ['technology', 'travel'], 'username': 'patrick.braun', 'first_name': 'Susannah', 'last_name': 'Howe', 'role': 'User', 'birthdate': datetime.datetime(1992, 9, 10, 18, 2, 6, 386000), 'friends': [], 'requests_friends': [], 'groups': [], 'pages': [], 'mail': 'keven.ritchie@hotmail.com', 'password': '0cijk8152', 'createdAt': datetime.datetime(2024, 4, 26, 14, 58, 29, 41000)}",Rerum asperiores labore odit et recusandae reiciendis similique.,[],http://lorempixel.com/g/640/200/technics/,Hudson and Sons
fr.univartois.butinfo.sae5.the_social_media.entity.Pages,7948a17e315e4c6d98983d2a22254f86,2024-11-07 00:42:10.748000,"{'_id': Binary(b'\xb3E\xf5u\xa1\xe6\xfd\x8fp\x92b\xa8\x13o\xcb\x87', 3), 'avatar': 'http://lorempixel.com/g/720/348/nightlife/', 'bio': 'Placeat recusandae eos veniam et.', 'interests': ['technology', 'travel'], 'username': 'patrick.braun', 'first_name': 'Susannah', 'last_name': 'Howe', 'role': 'User', 'birthdate': datetime.datetime(1992, 9, 10, 18, 2, 6, 386000), 'friends': [], 'requests_friends': [], 'groups': [], 'pages': [], 'mail': 'keven.ritchie@hotmail.com', 'password': '0cijk8152', 'createdAt': datetime.datetime(2024, 4, 26, 14, 58, 29, 41000)}",Non labore vero eos sit amet.,[],http://lorempixel.com/1920/1200/nightlife/,"Spinka, Armstrong and Rice"
fr.univartois.butinfo.sae5.the_social_media.entity.Pages,04446d87a7f6a02b4ab87f2e1d838ebe,2024-10-17 09:20:25.782000,"{'_id': Binary(b'\xb3E\xf5u\xa1\xe6\xfd\x8fp\x92b\xa8\x13o\xcb\x87', 3), 'avatar': 'http://lorempixel.com/g/720/348/nightlife/', 'bio': 'Placeat recusandae eos veniam et.', 'interests': ['technology', 'travel'], 'username': 'patrick.braun', 'first_name': 'Susannah', 'last_name': 'Howe', 'role': 'User', 'birthdate': datetime.datetime(1992, 9, 10, 18, 2, 6, 386000), 'friends': [], 'requests_friends': [], 'groups': [], 'pages': [], 'mail': 'keven.ritchie@hotmail.com', 'password': '0cijk8152', 'createdAt': datetime.datetime(2024, 4, 26, 14, 58, 29, 41000)}",Vel fugiat beatae eius ut.,[],http://lorempixel.com/1024/768/people/,"Davis, Ratke and Klein"
fr.univartois.butinfo.sae5.the_social_media.entity.Pages,c3457bf49a64b8220c36cf2578f2c99c,2024-10-13 06:12:37.878000,"{'_id': Binary(b'\xb3E\xf5u\xa1\xe6\xfd\x8fp\x92b\xa8\x13o\xcb\x87', 3), 'avatar': 'http://lorempixel.com/g/720/348/nightlife/', 'bio': 'Placeat recusandae eos veniam et.', 'interests': ['technology', 'travel'], 'username': 'patrick.braun', 'first_name': 'Susannah', 'last_name': 'Howe', 'role': 'User', 'birthdate': datetime.datetime(1992, 9, 10, 18, 2, 6, 386000), 'friends': [], 'requests_friends': [], 'groups': [], 'pages': [], 'mail': 'keven.ritchie@hotmail.com', 'password': '0cijk8152', 'createdAt': datetime.datetime(2024, 4, 26, 14, 58, 29, 41000)}",Sed minima minima pariatur commodi quo.,[],http://lorempixel.com/1024/768/business/,"Ortiz, Hirthe and Runolfsdottir"
fr.univartois.butinfo.sae5.the_social_media.entity.Pages,f349638cbdb2c369dbc93ffbeadb6eb2,2024-10-28 11:48:44.760000,"{'_id': Binary(b'\xb3E\xf5u\xa1\xe6\xfd\x8fp\x92b\xa8\x13o\xcb\x87', 3), 'avatar': 'http://lorempixel.com/g/720/348/nightlife/', 'bio': 'Placeat recusandae eos veniam et.', 'interests': ['technology', 'travel'], 'username': 'patrick.braun', 'first_name': 'Susannah', 'last_name': 'Howe', 'role': 'User', 'birthdate': datetime.datetime(1992, 9, 10, 18, 2, 6, 386000), 'friends': [], 'requests_friends': [], 'groups': [], 'pages': [], 'mail': 'keven.ritchie@hotmail.com', 'password': '0cijk8152', 'createdAt': datetime.datetime(2024, 4, 26, 14, 58, 29, 41000)}",Et rerum vero nam rerum et.,[],http://lorempixel.com/g/1920/1200/food/,Funk and Sons
