_class,_id,comments,content,createdAt,description,image,likes,userId
fr.univartois.butinfo.sae5.the_social_media.entity.Post,3e4c02b5a4a5177bd59899c64f22369c,[],Architecto possimus aut vel qui.,2024-10-20 10:44:33.370000,Aut possimus soluta ut.,http://lorempixel.com/g/1600/1200/city/,[],644d2bbea632396092a04d8d82440e89
fr.univartois.butinfo.sae5.the_social_media.entity.Post,9d49d9e33fb6bdec5326182549300384,[],Eius est et.,2024-10-09 16:34:50.635000,Dolor soluta doloribus provident explicabo tenetur.,http://lorempixel.com/g/640/480/cats/,[],704ddcc3c03e008626787f829e05a5ab
fr.univartois.butinfo.sae5.the_social_media.entity.Post,6740783d6a497a99bdd6c9a26e3df78e,[],Eveniet et nihil non corrupti quam ad.,2024-10-19 04:13:15.414000,Deserunt deserunt sunt laboriosam earum iure.,http://lorempixel.com/g/1680/1050/business/,[],4040e69b50f75a7a224664f628e8699a
fr.univartois.butinfo.sae5.the_social_media.entity.Post,da444acec2e2fa204b1f1b2b04088d95,[],Ratione natus porro in.,2024-10-11 13:25:19.136000,Dignissimos magnam qui velit laudantium quo ratione et.,http://lorempixel.com/g/1680/1050/sports/,[],ff4460b4fe33661d1a421b34a0021a95
fr.univartois.butinfo.sae5.the_social_media.entity.Post,4f47604043de2929ef171bcd53e48b95,[],Harum quam temporibus nam velit qui harum.,2024-11-05 00:53:14.029000,Voluptatem officiis rerum atque.,http://lorempixel.com/g/1920/1200/technics/,[],ea433137f9d01dbbec7a4293d80710aa
fr.univartois.butinfo.sae5.the_social_media.entity.Post,5e47a7bb7f4939d293492f475f3870b9,[],Cumque exercitationem amet quo ad.,2024-10-23 22:00:26.336000,Consequatur voluptas qui omnis.,http://lorempixel.com/g/640/350/fashion/,[],ea433137f9d01dbbec7a4293d80710aa
fr.univartois.butinfo.sae5.the_social_media.entity.Post,4e47bbdfb6c4f1cb5cf388dc1bd2f98d,[],Ut rerum id mollitia.,2024-10-21 00:57:41.288000,Temporibus voluptates est eveniet ea.,http://lorempixel.com/1920/1200/nature/,[],704ddcc3c03e008626787f829e05a5ab
fr.univartois.butinfo.sae5.the_social_media.entity.Post,9844e397ddeaf87d7cb91b3465b6aeb6,[],Asperiores autem ea qui voluptas dicta reprehenderit.,2024-10-10 11:38:51.358000,Praesentium veritatis ut sed hic qui consequatur excepturi.,http://lorempixel.com/g/320/200/cats/,[],ff4460b4fe33661d1a421b34a0021a95
fr.univartois.butinfo.sae5.the_social_media.entity.Post,e544fb2780d1e34331186473a5be109c,[],Ut hic optio ad quia et.,2024-10-18 20:22:01.499000,Eos harum eveniet fuga nemo sed dolorum ea.,http://lorempixel.com/1680/1050/nightlife/,[],ab42a32d356ccd3dff84b1dabd3ba9a6
fr.univartois.butinfo.sae5.the_social_media.entity.Post,524be97bc497d0b22b646ce835e879b5,[],Dolor alias eos dolorem quia consequatur blanditiis et.,2024-10-11 19:58:48.336000,Architecto quia commodi rerum placeat eos voluptas.,http://lorempixel.com/640/200/food/,[],af40ab498cffc6ba7e91ef8e60e065b3
fr.univartois.butinfo.sae5.the_social_media.entity.Post,df48a495482d4de29cf9cfd6ec6a3e95,[],Esse perspiciatis eligendi qui eveniet.,2024-10-26 03:05:22.095000,Eaque suscipit iure.,http://lorempixel.com/g/1920/1200/cats/,[],e240970cfcea1ec8c47eaa44f56791b9
fr.univartois.butinfo.sae5.the_social_media.entity.Post,92462dd52d1adfc7a97a99d28345ffb5,[],Mollitia commodi dolore harum.,2024-10-30 21:51:27.475000,Quod earum assumenda placeat.,http://lorempixel.com/320/200/nightlife/,[],fd476733004cc044ea0a195c39e793a7
fr.univartois.butinfo.sae5.the_social_media.entity.Post,144daf7fc6fd214504efa3532372afb9,[],Quis est corporis provident.,2024-10-14 11:09:36.721000,Optio minus animi molestiae corporis dolorem et hic.,http://lorempixel.com/g/1024/768/food/,[],4040e69b50f75a7a224664f628e8699a
fr.univartois.butinfo.sae5.the_social_media.entity.Post,9b4e45e505c2c21e0b384811c85214a9,[],Dolores aut praesentium id dolorem omnis.,2024-10-09 22:50:17.260000,Quia provident veritatis.,http://lorempixel.com/g/1680/1050/abstract/,[],e240970cfcea1ec8c47eaa44f56791b9
fr.univartois.butinfo.sae5.the_social_media.entity.Post,964fcb0872cbb878e18a7f4c9759f0bc,[],Non corporis similique placeat.,2024-10-16 08:20:33.219000,Nisi corporis porro qui aperiam quibusdam.,http://lorempixel.com/1280/1024/sports/,[],ff4460b4fe33661d1a421b34a0021a95
fr.univartois.butinfo.sae5.the_social_media.entity.Post,f64c0d97ca25d4019a9483885416daa4,[],Distinctio magni dolor qui et.,2024-11-06 02:27:49.327000,Amet eos quod dolore quidem repudiandae tenetur accusamus.,http://lorempixel.com/g/720/348/fashion/,[],7741b1c1c4d10227c9dfb610f52805bf
fr.univartois.butinfo.sae5.the_social_media.entity.Post,804b7d91d0a3c8586004a93b172ebd81,[],Cumque omnis minus qui omnis.,2024-10-24 19:36:58.012000,Omnis consequatur libero vel sequi et et magni.,http://lorempixel.com/1920/1200/cats/,[],ea433137f9d01dbbec7a4293d80710aa
fr.univartois.butinfo.sae5.the_social_media.entity.Post,4d45c29c8892771d6f3cae0b65a34cbe,[],Adipisci nihil vero consequatur explicabo provident.,2024-10-30 19:39:58.057000,Ut nobis quo nobis quo ut.,http://lorempixel.com/320/200/people/,[],7741b1c1c4d10227c9dfb610f52805bf
fr.univartois.butinfo.sae5.the_social_media.entity.Post,c845bb277cc945726a85b0240b025981,[],Voluptatem voluptas voluptate perferendis nobis eos.,2024-10-15 21:29:21.141000,Sunt omnis quibusdam expedita.,http://lorempixel.com/640/480/technics/,[],704ddcc3c03e008626787f829e05a5ab
fr.univartois.butinfo.sae5.the_social_media.entity.Post,e8483cd1c044251cd85ffbbad21b1eb5,[],Alias ipsam animi deserunt nihil sit possimus.,2024-10-23 00:58:07.546000,Aut accusamus sed id facilis.,http://lorempixel.com/g/640/480/people/,[],644d2bbea632396092a04d8d82440e89
fr.univartois.butinfo.sae5.the_social_media.entity.Post,5247fd84588b341c44b133a4e02b01a5,[],Ad accusantium voluptatibus quo minus ex.,2024-10-21 22:14:26.182000,,http://lorempixel.com/640/350/abstract/,[],8c44e61ad79ad57e5ff04452561eb4b8
fr.univartois.butinfo.sae5.the_social_media.entity.Post,c6458e56ce44dc06cad6bb56ffd35583,[],Labore dolores qui.,2024-11-04 17:49:05.046000,,http://lorempixel.com/g/720/348/animals/,[],8c44e61ad79ad57e5ff04452561eb4b8
fr.univartois.butinfo.sae5.the_social_media.entity.Post,ca4b920cfbcbc1bcae7e488d1caf338c,[],Iste fugit dolore placeat.,2024-10-20 09:00:32.396000,,http://lorempixel.com/1600/1200/nightlife/,[],8c44e61ad79ad57e5ff04452561eb4b8
fr.univartois.butinfo.sae5.the_social_media.entity.Post,1840113d18b8c180bc140a3026ebe285,[],Sint voluptatem ea non nulla sit accusantium iure.,2024-10-13 01:16:27.682000,,http://lorempixel.com/720/348/business/,[],8c44e61ad79ad57e5ff04452561eb4b8
fr.univartois.butinfo.sae5.the_social_media.entity.Post,db45adcd55aad09db52f73a0c64076b6,[],Nemo aut sed omnis.,2024-10-18 07:47:29.165000,,http://lorempixel.com/1024/768/people/,[],8c44e61ad79ad57e5ff04452561eb4b8
fr.univartois.butinfo.sae5.the_social_media.entity.Post,f8465d4851ba231de44d6f9f2034aeae,[],Dolor ut natus.,2024-11-07 15:50:17.905000,,http://lorempixel.com/g/1680/1050/nightlife/,[],1f4baaca6a22a8e43e0395e0f8a2e483
fr.univartois.butinfo.sae5.the_social_media.entity.Post,224cbb8a3df8484c78323a9895d08b8b,[],Consequatur ipsa sed ipsam dignissimos vel eum.,2024-10-22 09:39:16.038000,,http://lorempixel.com/g/1024/768/cats/,[],1f4baaca6a22a8e43e0395e0f8a2e483
fr.univartois.butinfo.sae5.the_social_media.entity.Post,5d40eed5e532c9e012502f3b6fbcf5b3,[],Recusandae quo possimus iure.,2024-10-29 00:23:19.074000,,http://lorempixel.com/1600/1200/nightlife/,[],8c44e61ad79ad57e5ff04452561eb4b8
fr.univartois.butinfo.sae5.the_social_media.entity.Post,9248925797cd64b30c009500fade0bba,[],Velit temporibus nihil eos consequatur non.,2024-10-29 22:26:02.336000,,http://lorempixel.com/1280/1024/technics/,[],1f4baaca6a22a8e43e0395e0f8a2e483
fr.univartois.butinfo.sae5.the_social_media.entity.Post,eb47e1f2ab02c92193a18b610882fa9c,[],Maxime iste voluptatem.,2024-10-15 00:25:18.374000,,http://lorempixel.com/g/720/348/business/,[],1f4baaca6a22a8e43e0395e0f8a2e483
fr.univartois.butinfo.sae5.the_social_media.entity.Post,1c4be0481e9145f9363be30bf60c128a,[],Modi rem quaerat harum exercitationem itaque sint expedita.,2024-10-27 10:55:39.523000,,http://lorempixel.com/g/1024/768/sports/,[],8c44e61ad79ad57e5ff04452561eb4b8
fr.univartois.butinfo.sae5.the_social_media.entity.Post,d74b8ff203cfcdacb597be6ca5630582,[],Officia qui amet velit.,2024-10-21 07:20:20.298000,,http://lorempixel.com/g/320/200/city/,[],8c44e61ad79ad57e5ff04452561eb4b8
fr.univartois.butinfo.sae5.the_social_media.entity.Post,b94dd7968d283141f89a2bfc91ac00a8,[],Eum at maxime.,2024-10-25 22:20:12.190000,,http://lorempixel.com/1024/768/food/,[],8c44e61ad79ad57e5ff04452561eb4b8
fr.univartois.butinfo.sae5.the_social_media.entity.Post,054eb9f3a6f9017a78bc9bee2f5771b6,[],Rem minima ducimus.,2024-10-27 20:24:48.032000,,http://lorempixel.com/g/640/480/technics/,[],8c44e61ad79ad57e5ff04452561eb4b8
fr.univartois.butinfo.sae5.the_social_media.entity.Post,d840baf22b9d2d04130298ef5e0e0fb8,[],Ut explicabo recusandae.,2024-10-27 04:03:56.145000,,http://lorempixel.com/1280/1024/fashion/,[],8c44e61ad79ad57e5ff04452561eb4b8
fr.univartois.butinfo.sae5.the_social_media.entity.Post,e94ca8d1eb65b575d2651a74a06a8092,[],Esse inventore et rerum dolores et.,2024-10-31 15:58:07.377000,,http://lorempixel.com/g/640/200/animals/,[],8c44e61ad79ad57e5ff04452561eb4b8
fr.univartois.butinfo.sae5.the_social_media.entity.Post,2449c7bde61cc3ad9d83a68d525afabf,[],Et similique doloremque praesentium optio sapiente.,2024-10-09 16:04:25.544000,,http://lorempixel.com/g/1366/768/people/,[],8c44e61ad79ad57e5ff04452561eb4b8
fr.univartois.butinfo.sae5.the_social_media.entity.Post,1b48731b52912bf828c08b94393462a6,[],Eligendi qui quia esse deleniti qui voluptates.,2024-10-13 00:32:16.055000,,http://lorempixel.com/720/348/cats/,[],1f4baaca6a22a8e43e0395e0f8a2e483
fr.univartois.butinfo.sae5.the_social_media.entity.Post,744b9091442556f4366912bd45d5d891,[],Porro aliquid et.,2024-11-07 12:41:42.359000,,http://lorempixel.com/g/1600/1200/transport/,[],8c44e61ad79ad57e5ff04452561eb4b8
fr.univartois.butinfo.sae5.the_social_media.entity.Post,1343d770bc0d3c19dc8328a27f4425bb,[],Ullam aliquid corporis dignissimos cumque in laborum itaque.,2024-10-30 18:49:44.692000,,http://lorempixel.com/640/350/business/,[],1f4baaca6a22a8e43e0395e0f8a2e483
fr.univartois.butinfo.sae5.the_social_media.entity.Post,3c47275d19d3aa768b91113fcbff7d8c,[],Eos repellat quia odio facere minus unde.,2024-10-31 17:53:11.985000,,http://lorempixel.com/640/200/business/,[],b345f575a1e6fd8f709262a8136fcb87
fr.univartois.butinfo.sae5.the_social_media.entity.Post,f8443d4f9dd1c7591a104bcc2f86bba7,[],Hic quis occaecati.,2024-10-09 17:47:07.974000,,http://lorempixel.com/1920/1200/animals/,[],b345f575a1e6fd8f709262a8136fcb87
fr.univartois.butinfo.sae5.the_social_media.entity.Post,fd464296c3bdcaa621a3001cae78cca2,[],Quo sed reprehenderit at.,2024-11-02 19:19:01.057000,,http://lorempixel.com/1366/768/animals/,[],b345f575a1e6fd8f709262a8136fcb87
fr.univartois.butinfo.sae5.the_social_media.entity.Post,e243df6cb903f3f59831a01bc397a38a,[],Exercitationem ducimus sed perspiciatis beatae doloribus.,2024-10-17 12:19:18.012000,,http://lorempixel.com/640/480/technics/,[],b345f575a1e6fd8f709262a8136fcb87
fr.univartois.butinfo.sae5.the_social_media.entity.Post,14481fb4ab91dfe0770f72da30039e9a,[],Est ut aspernatur ipsa soluta quo ut.,2024-10-28 01:24:23.686000,,http://lorempixel.com/1280/1024/people/,[],12465c030d6c5d7bcf96f0e8d8568786
fr.univartois.butinfo.sae5.the_social_media.entity.Post,9e498831bdac80c52e2f50cfae061f9e,[],Possimus sunt voluptas doloremque corporis sapiente.,2024-10-25 16:43:56.079000,,http://lorempixel.com/g/720/348/abstract/,[],b345f575a1e6fd8f709262a8136fcb87
fr.univartois.butinfo.sae5.the_social_media.entity.Post,534a2230b867d222af0904dc6defd097,[],Ratione numquam est est aut.,2024-10-30 17:05:22.684000,,http://lorempixel.com/640/200/animals/,[],b345f575a1e6fd8f709262a8136fcb87
fr.univartois.butinfo.sae5.the_social_media.entity.Post,d440eb5fbeb208a5063747adeb7dc385,[],Unde et dolor architecto.,2024-10-24 20:53:29.492000,,http://lorempixel.com/g/640/350/business/,[],b345f575a1e6fd8f709262a8136fcb87
fr.univartois.butinfo.sae5.the_social_media.entity.Post,304998a1cbc8c646988a5dc5f18c78bb,[],Qui velit quia eaque modi maiores veritatis.,2024-11-04 04:37:21.851000,,http://lorempixel.com/1366/768/nightlife/,[],b345f575a1e6fd8f709262a8136fcb87
fr.univartois.butinfo.sae5.the_social_media.entity.Post,1a4fd762057d22633f64e69fd6592a95,[],Qui ipsum tempora quas sit laudantium dolor voluptatem.,2024-10-15 11:01:51.619000,,http://lorempixel.com/1024/768/food/,[],b345f575a1e6fd8f709262a8136fcb87
fr.univartois.butinfo.sae5.the_social_media.entity.Post,1c461864568e9ba4149a71263a490eb7,[],Molestiae qui dicta inventore ad similique doloremque aliquid.,2024-10-22 20:25:23.346000,,http://lorempixel.com/g/1680/1050/cats/,[],b345f575a1e6fd8f709262a8136fcb87
fr.univartois.butinfo.sae5.the_social_media.entity.Post,74498d46cc4749ffbb6cdf10fe7948b2,[],Veritatis minima tempora beatae velit.,2024-10-28 23:57:58.138000,,http://lorempixel.com/g/320/200/cats/,[],12465c030d6c5d7bcf96f0e8d8568786
fr.univartois.butinfo.sae5.the_social_media.entity.Post,aa4da52442062b5e627ad85fa836e880,[],Voluptatibus ut consequuntur facilis.,2024-10-10 20:16:00.194000,,http://lorempixel.com/g/1366/768/technics/,[],12465c030d6c5d7bcf96f0e8d8568786
fr.univartois.butinfo.sae5.the_social_media.entity.Post,54417f7dbb3db77fb9e2b4094a7b9680,[],Molestiae consequatur est dolores velit laudantium nemo.,2024-11-05 23:06:29.445000,,http://lorempixel.com/1920/1200/cats/,[],12465c030d6c5d7bcf96f0e8d8568786
fr.univartois.butinfo.sae5.the_social_media.entity.Post,82460444f3aa522b672779ce1d110c92,[],Dolorem officia illo laborum.,2024-10-11 20:39:37.593000,,http://lorempixel.com/g/1280/1024/animals/,[],12465c030d6c5d7bcf96f0e8d8568786
fr.univartois.butinfo.sae5.the_social_media.entity.Post,0d4aeca3ae8d1ad6827c144ea8a8e5ac,[],Ratione id et odio incidunt est.,2024-10-29 19:32:21.272000,,http://lorempixel.com/g/640/200/business/,[],b345f575a1e6fd8f709262a8136fcb87
fr.univartois.butinfo.sae5.the_social_media.entity.Post,3e46d8375f1fc79324dac028df150ca3,[],Officia eveniet excepturi aut.,2024-10-25 14:51:14.458000,,http://lorempixel.com/1680/1050/business/,[],b345f575a1e6fd8f709262a8136fcb87
fr.univartois.butinfo.sae5.the_social_media.entity.Post,c0407221dbd0f96896359e53e1940f9e,[],Qui reiciendis eligendi qui quidem iste voluptatibus.,2024-10-28 13:22:11.689000,,http://lorempixel.com/g/1280/1024/nightlife/,[],b345f575a1e6fd8f709262a8136fcb87
fr.univartois.butinfo.sae5.the_social_media.entity.Post,98412a3d878ff1a3f687515ce57f0495,[],Enim facere libero.,2024-10-26 10:33:00.898000,,http://lorempixel.com/640/200/city/,[],b345f575a1e6fd8f709262a8136fcb87
fr.univartois.butinfo.sae5.the_social_media.entity.Post,5e418903dff6f99aac5e18da197f85be,[],Vel sunt error.,2024-10-17 01:34:53.672000,,http://lorempixel.com/g/640/200/abstract/,[],b345f575a1e6fd8f709262a8136fcb87
